Questions	Correct Answers	Topic	Category	Difficulty	Subject
Translate this DNA sequence into amino acids: atgtcttattcaaagcatggcatcgtacaagaaatgaagacgaaataccatatggaaggcagtgtcaatggccatgaatttacgatcgaaggtgtaggaactgggtacccttacgaagggaaacagatgtccgaattagtgatcatcaagcctgcgggaaaaccccttccattctcctttgacatactgtcatcagtctttcaatatggaaaccgttgcttcacaaagtacccggcagacatgcctgactatttcaagcaagcattcccagatggaatgtcatatgaaaggtcatttctatttgaggatggagcagttgctacagccagctggaacattcgactcgaaggaaattgcttcatccacaaatccatctttcatggcgtaaactttcccgctgatggacccgtaatgaaaaagaagaccattgactgggataagtccttcgaaaaaatgactgtgtctaaagaggtgctaagaggtgacgtgactatgtttcttatgctcgaaggaggtggttctcacagatgccaatttcactccacttacaaaacagagaagccggtcacactgcccccgaatcatgtcgtagaacatcaaattgtgaggaccgaccttggccaaagtgcaaaaggctttacagtcaagctggaagcacatgccgcggctcatgttaaccctttgaaggttaaataa	MSYSKHGIVQEMKTKYHMEGSVNGHEFTIEGVGTGYPYEGKQMSELVIIKPAGKPLPFSFDILSSVFQYGNRCFTKYPADMPDYFKQAFPDGMSYERSFLFEDGAVATASWNIRLEGNCFIHKSIFHGVNFPADGPVMKKKTIDWDKSFEKMTVSKEVLRGDVTMFLMLEGGGSHRCQFHSTYKTEKPVTLPPNHVVEHQIVRTDLGQSAKGFTVKLEAHAAAHVNPLKVK-	DNA --> protein	HARD BIO	application	bio
Translate this DNA sequence into amino acids: atggtcacactgcccccgaatcatgtcgtagaacatcaaattgtgaggaccgaccttggccaaagtgcaaaaggctttacagtcaagctggaagcacatgccgcggctcatgttaaccctttgaaggttaaataa	MVTLPPNHVVEHQIVRTDLGQSAKGFTVKLEAHAAAHVNPLKVK-	DNA --> protein	HARD BIO	application	bio
Translate this DNA sequence into amino acids: atgtcttattcaaagcatggcatcgtacaagaaatgaagacgaaa	MSYSKHGIVQEMKTK	DNA --> protein	HARD BIO	application	bio
Translate this sequence into amino acids: atgccggcggattgggtgaacccgattatgtggcgcatgtggccggaatgggataccagccatagcctgaacggcacctggtgcctggtggtgctgcatggcatggcggcgtgcattcaggatggctgggcggaaggcgtgcatccgggcattcatcatagcggccaggtgcagaccgatcagccgttttatcaggatgcgatttggagcatgaccattatgaccaacattccggaacagctgagcaactgccagagctattttgtgcgcccgtgctgcacccgcaaccagccgatgtataaatattttattcatcgcagcggctttccggtgccgggctttcagctgtggccgtgccagctggaaggctttctggtgcgcatgatgctggatgatcatgtggataaaaaatgccattgggaacagcagtgcacccagccgagcaacaaaaaaagcgcgtattatatttttaccattattgaaatgaccatgtggtaa	MPADWVNPIMWRMWPEWDTSHSLNGTWCLVVLHGMAACIQDGWAEGVHPGIHHSGQVQTDQPFYQDAIWSMTIMTNIPEQLSNCQSYFVRPCCTRNQPMYKYFIHRSGFPVPGFQLWPCQLEGFLVRMMLDDHVDKKCHWEQQCTQPSNKKSAYYIFTIIEMTMW-	DNA --> protein	HARD BIO	application	bio
Translate this sequence into amino acids: agcaacaaaaaaagcgcgtattatatttttaccattattgaaatgaccatgtggtaa	SNKKSAYYIFTIIEMTMW-	DNA --> protein	HARD BIO	application	bio
Translate this DNA sequence into RNA: atgtcttattcaaagcatggcatcgtacaagaaatgaagacgaaataccatatggaaggcagtgtcaatggccatgaatttacgatcgaaggtgtaggaactgggtacccttacgaagggaaacagatgtccgaattagtgatcatcaagcctgcgggaaaaccccttccattctcctttgacatactgtcatcagtctttcaatatggaaaccgttgcttcacaaagtacccggcagacatgcctgactatttcaagcaagcattcccagatggaatgtcatatgaaaggtcatttctatttgaggatggagcagttgctacagccagctggaacattcgactcgaaggaaattgcttcatccacaaatccatctttcatggcgtaaactttcccgctgatggacccgtaatgaaaaagaagaccattgactgggataagtccttcgaaaaaatgactgtgtctaaagaggtgctaagaggtgacgtgactatgtttcttatgctcgaaggaggtggttctcacagatgccaatttcactccacttacaaaacagagaagccggtcacactgcccccgaatcatgtcgtagaacatcaaattgtgaggaccgaccttggccaaagtgcaaaaggctttacagtcaagctggaagcacatgccgcggctcatgttaaccctttgaaggttaaataa	augucuuauucaaagcauggcaucguacaagaaaugaagacgaaauaccauauggaaggcagugucaauggccaugaauuuacgaucgaagguguaggaacuggguacccuuacgaagggaaacagauguccgaauuagugaucaucaagccugcgggaaaaccccuuccauucuccuuugacauacugucaucagucuuucaauauggaaaccguugcuucacaaaguacccggcagacaugccugacuauuucaagcaagcauucccagauggaaugucauaugaaaggucauuucuauuugaggauggagcaguugcuacagccagcuggaacauucgacucgaaggaaauugcuucauccacaaauccaucuuucauggcguaaacuuucccgcugauggacccguaaugaaaaagaagaccauugacugggauaaguccuucgaaaaaaugacugugucuaaagaggugcuaagaggugacgugacuauguuucuuaugcucgaaggaggugguucucacagaugccaauuucacuccacuuacaaaacagagaagccggucacacugcccccgaaucaugucguagaacaucaaauugugaggaccgaccuuggccaaagugcaaaaggcuuuacagucaagcuggaagcacaugccgcggcucauguuaacccuuugaagguuaaauaa	DNA --> RNA	HARD BIO	application	bio
Translate this DNA sequence into RNA: atggtcacactgcccccgaatcatgtcgtagaacatcaaattgtgaggaccgaccttggccaaagtgcaaaaggctttacagtcaagctggaagcacatgccgcggctcatgttaaccctttgaaggttaaataa	auggucacacugcccccgaaucaugucguagaacaucaaauugugaggaccgaccuuggccaaagugcaaaaggcuuuacagucaagcuggaagcacaugccgcggcucauguuaacccuuugaagguuaaauaa	DNA --> RNA	HARD BIO	application	bio
Translate this DNA sequence into RNA: atgtcttattcaaagcatggcatcgtacaagaaatgaagacgaaa	augucuuauucaaagcauggcaucguacaagaaaugaagacgaaa	DNA --> RNA	HARD BIO	application	bio
Translate this DNA sequence into RNA: atgccggcggattgggtgaacccgattatgtggcgcatgtggccggaatgggataccagccatagcctgaacggcacctggtgcctggtggtgctgcatggcatggcggcgtgcattcaggatggctgggcggaaggcgtgcatccgggcattcatcatagcggccaggtgcagaccgatcagccgttttatcaggatgcgatttggagcatgaccattatgaccaacattccggaacagctgagcaactgccagagctattttgtgcgcccgtgctgcacccgcaaccagccgatgtataaatattttattcatcgcagcggctttccggtgccgggctttcagctgtggccgtgccagctggaaggctttctggtgcgcatgatgctggatgatcatgtggataaaaaatgccattgggaacagcagtgcacccagccgagcaacaaaaaaagcgcgtattatatttttaccattattgaaatgaccatgtggtaa	augccggcggauugggugaacccgauuauguggcgcauguggccggaaugggauaccagccauagccugaacggcaccuggugccugguggugcugcauggcauggcggcgugcauucaggauggcugggcggaaggcgugcauccgggcauucaucauagcggccaggugcagaccgaucagccguuuuaucaggaugcgauuuggagcaugaccauuaugaccaacauuccggaacagcugagcaacugccagagcuauuuugugcgcccgugcugcacccgcaaccagccgauguauaaauauuuuauucaucgcagcggcuuuccggugccgggcuuucagcuguggccgugccagcuggaaggcuuucuggugcgcaugaugcuggaugaucauguggauaaaaaaugccauugggaacagcagugcacccagccgagcaacaaaaaaagcgcguauuauauuuuuaccauuauugaaaugaccaugugguaa	DNA --> RNA	HARD BIO	application	bio
Translate this DNA sequence into RNA: agcaacaaaaaaagcgcgtattatatttttaccattattgaaatgaccatgtggtaa	agcaacaaaaaaagcgcguauuauauuuuuaccauuauugaaaugaccaugugguaa	DNA --> RNA	HARD BIO	application	bio
Find the complementary DNA to this sequence: atgtcttattcaaagcatggcatcgtacaagaaatgaagacgaaataccatatggaaggcagtgtcaatggccatgaatttacgatcgaaggtgtaggaactgggtacccttacgaagggaaacagatgtccgaattagtgatcatcaagcctgcgggaaaaccccttccattctcctttgacatactgtcatcagtctttcaatatggaaaccgttgcttcacaaagtacccggcagacatgcctgactatttcaagcaagcattcccagatggaatgtcatatgaaaggtcatttctatttgaggatggagcagttgctacagccagctggaacattcgactcgaaggaaattgcttcatccacaaatccatctttcatggcgtaaactttcccgctgatggacccgtaatgaaaaagaagaccattgactgggataagtccttcgaaaaaatgactgtgtctaaagaggtgctaagaggtgacgtgactatgtttcttatgctcgaaggaggtggttctcacagatgccaatttcactccacttacaaaacagagaagccggtcacactgcccccgaatcatgtcgtagaacatcaaattgtgaggaccgaccttggccaaagtgcaaaaggctttacagtcaagctggaagcacatgccgcggctcatgttaaccctttgaaggttaaataa	tacagaataagtttcgtaccgtagcatgttctttacttctgctttatggtataccttccgtcacagttaccggtacttaaatgctagcttccacatccttgacccatgggaatgcttccctttgtctacaggcttaatcactagtagttcggacgcccttttggggaaggtaagaggaaactgtatgacagtagtcagaaagttatacctttggcaacgaagtgtttcatgggccgtctgtacggactgataaagttcgttcgtaagggtctaccttacagtatactttccagtaaagataaactcctacctcgtcaacgatgtcggtcgaccttgtaagctgagcttcctttaacgaagtaggtgtttaggtagaaagtaccgcatttgaaagggcgactacctgggcattactttttcttctggtaactgaccctattcaggaagcttttttactgacacagatttctccacgattctccactgcactgatacaaagaatacgagcttcctccaccaagagtgtctacggttaaagtgaggtgaatgttttgtctcttcggccagtgtgacgggggcttagtacagcatcttgtagtttaacactcctggctggaaccggtttcacgttttccgaaatgtcagttcgaccttcgtgtacggcgccgagtacaattgggaaacttccaatttatt	Complement DNA	HARD BIO	application	bio
Find the complementary DNA to this sequence: atggtcacactgcccccgaatcatgtcgtagaacatcaaattgtgaggaccgaccttggccaaagtgcaaaaggctttacagtcaagctggaagcacatgccgcggctcatgttaaccctttgaaggttaaataa	taccagtgtgacgggggcttagtacagcatcttgtagtttaacactcctggctggaaccggtttcacgttttccgaaatgtcagttcgaccttcgtgtacggcgccgagtacaattgggaaacttccaatttatt	Complement DNA	HARD BIO	application	bio
Find the complementary DNA to this sequence: atgtcttattcaaagcatggcatcgtacaagaaatgaagacgaaa	tacagaataagtttcgtaccgtagcatgttctttacttctgcttt	Complement DNA	HARD BIO	application	bio
Find the complementary DNA to this sequence: atgccggcggattgggtgaacccgattatgtggcgcatgtggccggaatgggataccagccatagcctgaacggcacctggtgcctggtggtgctgcatggcatggcggcgtgcattcaggatggctgggcggaaggcgtgcatccgggcattcatcatagcggccaggtgcagaccgatcagccgttttatcaggatgcgatttggagcatgaccattatgaccaacattccggaacagctgagcaactgccagagctattttgtgcgcccgtgctgcacccgcaaccagccgatgtataaatattttattcatcgcagcggctttccggtgccgggctttcagctgtggccgtgccagctggaaggctttctggtgcgcatgatgctggatgatcatgtggataaaaaatgccattgggaacagcagtgcacccagccgagcaacaaaaaaagcgcgtattatatttttaccattattgaaatgaccatgtggtaa	tacggccgcctaacccacttgggctaatacaccgcgtacaccggccttaccctatggtcggtatcggacttgccgtggaccacggaccaccacgacgtaccgtaccgccgcacgtaagtcctaccgacccgccttccgcacgtaggcccgtaagtagtatcgccggtccacgtctggctagtcggcaaaatagtcctacgctaaacctcgtactggtaatactggttgtaaggccttgtcgactcgttgacggtctcgataaaacacgcgggcacgacgtgggcgttggtcggctacatatttataaaataagtagcgtcgccgaaaggccacggcccgaaagtcgacaccggcacggtcgaccttccgaaagaccacgcgtactacgacctactagtacacctattttttacggtaacccttgtcgtcacgtgggtcggctcgttgtttttttcgcgcataatataaaaatggtaataactttactggtacaccatt	Complement DNA	HARD BIO	application	bio
Find the complementary DNA to this sequence: agcaacaaaaaaagcgcgtattatatttttaccattattgaaatgaccatgtggtaa	tcgttgtttttttcgcgcataatataaaaatggtaataactttactggtacaccatt	Complement DNA	HARD BIO	application	bio
Reverse Complement this sequence: atgtcttattcaaagcatggcatcgtacaagaaatgaagacgaaataccatatggaaggcagtgtcaatggccatgaatttacgatcgaaggtgtaggaactgggtacccttacgaagggaaacagatgtccgaattagtgatcatcaagcctgcgggaaaaccccttccattctcctttgacatactgtcatcagtctttcaatatggaaaccgttgcttcacaaagtacccggcagacatgcctgactatttcaagcaagcattcccagatggaatgtcatatgaaaggtcatttctatttgaggatggagcagttgctacagccagctggaacattcgactcgaaggaaattgcttcatccacaaatccatctttcatggcgtaaactttcccgctgatggacccgtaatgaaaaagaagaccattgactgggataagtccttcgaaaaaatgactgtgtctaaagaggtgctaagaggtgacgtgactatgtttcttatgctcgaaggaggtggttctcacagatgccaatttcactccacttacaaaacagagaagccggtcacactgcccccgaatcatgtcgtagaacatcaaattgtgaggaccgaccttggccaaagtgcaaaaggctttacagtcaagctggaagcacatgccgcggctcatgttaaccctttgaaggttaaataa 	ttatttaaccttcaaagggttaacatgagccgcggcatgtgcttccagcttgactgtaaagccttttgcactttggccaaggtcggtcctcacaatttgatgttctacgacatgattcgggggcagtgtgaccggcttctctgttttgtaagtggagtgaaattggcatctgtgagaaccacctccttcgagcataagaaacatagtcacgtcacctcttagcacctctttagacacagtcattttttcgaaggacttatcccagtcaatggtcttctttttcattacgggtccatcagcgggaaagtttacgccatgaaagatggatttgtggatgaagcaatttccttcgagtcgaatgttccagctggctgtagcaactgctccatcctcaaatagaaatgacctttcatatgacattccatctgggaatgcttgcttgaaatagtcaggcatgtctgccgggtactttgtgaagcaacggtttccatattgaaagactgatgacagtatgtcaaaggagaatggaaggggttttcccgcaggcttgatgatcactaattcggacatctgtttcccttcgtaagggtacccagttcctacaccttcgatcgtaaattcatggccattgacactgccttccatatggtatttcgtcttcatttcttgtacgatgccatgctttgaataagacat	DNA --> rev. comp. DNA	HARD BIO	application	bio
Reverse Complement this sequence: cagtgtcaatggccatgaatttacgatcgaaggtgtaggaactgggtacccttacgaagggaaacagatgtccgaattagtgatcatcaagcctgcgggaaaaccccttccattctcctttgacatactgtcat 	atgacagtatgtcaaaggagaatggaaggggttttcccgcaggcttgatgatcactaattcggacatctgtttcccttcgtaagggtacccagttcctacaccttcgatcgtaaattcatggccattgacactg	DNA --> rev. comp. DNA	HARD BIO	application	bio
Reverse Complement this sequence: atgtcttattcaaagcatggcatcgtacaagaaatccctttgaaggttaaataa	ttatttaaccttcaaagggatttcttgtacgatgccatgctttgaataagacat	DNA --> rev. comp. DNA	HARD BIO	application	bio
Reverse Complement this sequence: atgccggcggattgggtgaacccgattatgtggcgcatgtggccggaatgggataccagccatagcctgaacggcacctggtgcctggtggtgctgcatggcatggcggcgtgcattcaggatggctgggcggaaggcgtgcatccgggcattcatcatagcggccaggtgcagaccgatcagccgttttatcaggatgcgatttggagcatgaccattatgaccaacattccggaacagctgagcaactgccagagctattttgtgcgcccgtgctgcacccgcaaccagccgatgtataaatattttattcatcgcagcggctttccggtgccgggctttcagctgtggccgtgccagctggaaggctttctggtgcgcatgatgctggatgatcatgtggataaaaaatgccattgggaacagcagtgcacccagccgagcaacaaaaaaagcgcgtattatatttttaccattattgaaatgaccatgtggtaa	ttaccacatggtcatttcaataatggtaaaaatataatacgcgctttttttgttgctcggctgggtgcactgctgttcccaatggcattttttatccacatgatcatccagcatcatgcgcaccagaaagccttccagctggcacggccacagctgaaagcccggcaccggaaagccgctgcgatgaataaaatatttatacatcggctggttgcgggtgcagcacgggcgcacaaaatagctctggcagttgctcagctgttccggaatgttggtcataatggtcatgctccaaatcgcatcctgataaaacggctgatcggtctgcacctggccgctatgatgaatgcccggatgcacgccttccgcccagccatcctgaatgcacgccgccatgccatgcagcaccaccaggcaccaggtgccgttcaggctatggctggtatcccattccggccacatgcgccacataatcgggttcacccaatccgccggcat	DNA --> rev. comp. DNA	HARD BIO	application	bio
Reverse Complement this sequence: AGATCAG	CTGATCT	DNA --> rev. comp. DNA	HARD BIO	application	bio
What is the translation of the codon ATG?	methionine	codon --> AA	EASY BIO	look-up	bio
What is the translation of the codon TTG?	leucine	codon --> AA	EASY BIO	look-up	bio
What is the translation of the codon TGG?	tryptophan	codon --> AA	EASY BIO	look-up	bio
What is the translation of the codon TGA?	stop codon	codon --> AA	EASY BIO	look-up	bio
What is the translation of the codon CAC?	histidine	codon --> AA	EASY BIO	look-up	bio
List the DNA codons that form leucine.	TTA, TTG, CTA, CTG, CTT, CTC	AA --> codon(s)	EASY BIO	look-up	bio
List the DNA codons that form aspartic acid.	GAT, GAC	AA --> codon(s)	EASY BIO	look-up	bio
List the DNA codons that form isoleucine.	ATA, ATC, ATT	AA --> codon(s)	EASY BIO	look-up	bio
List the DNA codons that form asparagine.	AAC, AAT	AA --> codon(s)	EASY BIO	look-up	bio
List the DNA codons that form phenylalanine.	TTT, TTC	AA --> codon(s)	EASY BIO	look-up	bio
What is the SMILES form of acetaminophen?	CC(=O)Nc1ccc(O)cc1	chemical --> SMILES	HARD CODE	application	comp
What is the SMIILES for asorbic acid?	O=C1O[C@H]([C@@H](O)CO)C(O)=C1O	chemical --> SMILES	HARD CODE	application	comp
What is the SMILES for acetaldehyde?	CC=O	chemical --> SMILES	HARD CODE	application	comp
What is the SMILES for l-fructose?	OCC1OC(O)(CO)C(O)C1O	chemical --> SMILES	HARD CODE	application	comp
What is the SMILES for guanidine?	N=C(N)N	chemical --> SMILES	HARD CODE	application	comp
What is the chemical that is represented by this SMILES: "O=P([O-])([O-])[O-]"? 	phosphate	SMILES --> chemical	HARD CODE	application	comp
What is the chemical that is represented by this SMILES: "O=C(O)CC(=O)C(=O)O"? 	oxaloacetate	SMILES --> chemical	HARD CODE	application	comp
What is the chemical that is represented by this SMILES: "N=C(O)C1=CN([C@@H]2O[C@H](COP(=O)(O)OP(=O)(O)OC[C@H]3O[C@@H](n4cnc5c(N)ncnc54)[C@H](OP(=O)(O)O)[C@@H]3O)[C@@H](O)[C@H]2O)C=CC1"?	nadph	SMILES --> chemical	HARD CODE	application	comp
What is the chemical that is represented by this SMILES: "CCC(C)CO"?	2-methylbutanol	SMILES --> chemical	HARD CODE	application	comp
What is the chemical that is represented by this SMILES: "CSCC[C@H](N)C(=O)O"?	l-methionine	SMILES --> chemical	HARD CODE	application	comp
What is the InChI form of lalanine?	InChI=1S/C3H7NO2/c1-2(4)3(5)6/h2H,4H2,1H3,(H,5,6)/t2-/m0/s1	chemical --> InChI	HARD CODE	application	comp
What is the InChI for biotin?	InChI=1S/C10H16N2O3S/c13-8(14)4-2-1-3-7-9-6(5-16-7)11-10(15)12-9/h6-7,9H,1-5H2,(H,13,14)(H2,11,12,15)	chemical --> InChI	HARD CODE	application	comp
What is the InChI for phosphate?	InChI=1S/H3O4P/c1-5(2,3)4/h(H3,1,2,3,4)/p-3	chemical --> InChI	HARD CODE	application	comp
What is the InChI for palmatine?	InChI=1S/C21H22NO4/c1-23-18-6-5-13-9-17-15-11-20(25-3)19(24-2)10-14(15)7-8-22(17)12-16(13)21(18)26-4/h5-6,9-12H,7-8H2,1-4H3/q+1	chemical --> InChI	HARD CODE	application	comp
What is the InChI for glutamic acid?	InChI=1S/C6H11NO4/c1-7-4(6(10)11)2-3-5(8)9/h4,7H,2-3H2,1H3,(H,8,9)(H,10,11)/t4-/m0/s1	chemical --> InChI	HARD CODE	application	comp
What is the chemical that is represented by this InChI: "InChI=1S/C6H12O6/c7-1-2-3(8)4(9)5(10)6(11)12-2/h2-11H,1H2/t2-,3-,4+,5-,6?/m1/s1"?	glucose	InChI --> chemical	HARD CODE	application	comp
What is the chemical that is represented by this InChI: "InChI=1S/C19H23N7O6/c20-19-25-15-14(17(30)26-19)23-11(8-22-15)7-21-10-3-1-9(2-4-10)16(29)24-12(18(31)32)5-6-13(27)28/h1-4,11-12,21,23H,5-8H2,(H,24,29)(H,27,28)(H,31,32)(H4,20,22,25,26,30)/t11?,12-/m0/s1"?	tetrahydrofolic acid	InChI --> chemical	HARD CODE	application	comp
What is the chemical that is represented by this InChI: "InChI=1S/C4H9NO3/c1-2(6)3(5)4(7)8/h2-3,6H,5H2,1H3,(H,7,8)/t2?,3-/m0/s1"?	threonine	InChI --> chemical	HARD CODE	application	comp
What is the chemical that is represented by this InChI: "InChI=1S/C6H13NO2/c1-6(2,3)4(7)5(8)9/h4H,7H2,1-3H3,(H,8,9)/t4-/m1/s1"?	valine	InChI --> chemical	HARD CODE	application	comp
What is the chemical that is represented by this InChI: "InChI=1S/C17H24O10/c1-3-8-9(4-5-18)10(15(23)24-2)7-25-16(8)27-17-14(22)13(21)12(20)11(6-19)26-17/h3,5,7-9,11-14,16-17,19-22H,1,4,6H2,2H3/t8-,9+,11-,12-,13+,14-,16+,17+/m1/s1"?	secologanin	InChI --> chemical	HARD CODE	application	comp
Turn this InChI into a SMILES format: "InChI=1S/C4H8N2O3/c5-2(4(8)9)1-3(6)7/h2H,1,5H2,(H2,6,7)(H,8,9)/t2-/m0/s1".	O=C(N)C[C@H](N)C(=O)O	InChI --> SMILES	HARD CODE	application	comp
Turn this InChI into a SMILES format: "InChI=1S/C6H8O6/c7-1-2(8)5-3(9)4(10)6(11)12-5/h2,5,7-10H,1H2/t2-,5+/m0/s1".	O=C1O[C@H]([C@@H](O)CO)C(O)=C1O	InChI --> SMILES	HARD CODE	application	comp
Turn this InChI into a SMILES format: "InChI=1S/C6H12O6/c7-1-3-4(9)5(10)6(11,2-8)12-3/h3-5,7-11H,1-2H2".	OCC1OC(O)(CO)C(O)C1O	InChI --> SMILES	HARD CODE	application	comp
Turn this InChI into a SMILES format: "InChI=1S/C5H10O5/c1-4(7)5(8,9)3(6)2-10-4/h3,6-9H,2H2,1H3/t3-,4-/m0/s1".	C[C@]1(O)OC[C@H](O)C1(O)O	InChI --> SMILES	HARD CODE	application	comp
Turn this InChI into a SMILES format: "InChI=1S/C18H36N4O11/c19-4-1-5(20)16(33-18-13(28)8(21)10(25)6(2-23)31-18)14(29)15(4)32-17-9(22)12(27)11(26)7(3-24)30-17/h4-18,23-29H,1-3,19-22H2/t4-,5+,6+,7+,8-,9+,10+,11+,12+,13+,14-,15+,16-,17+,18+/m0/s1".	N[C@@H]1[C@@H](O)[C@@H](O[C@@H]2[C@@H](O)[C@H](O[C@H]3O[C@H](CO)[C@@H](O)[C@H](O)[C@H]3N)[C@@H](N)C[C@H]2N)O[C@H](CO)[C@H]1O	InChI --> SMILES	HARD CODE	application	comp
Turn this SMILES into a InChI format: "CC(C)[C@H](C)/C=C/[C@@H](C)C1CCC2C3CC=C4C[C@@H](O)CC[C@]4(C)C3CC[C@@]21C".	InChI=1S/C28H46O/c1-18(2)19(3)7-8-20(4)24-11-12-25-23-10-9-21-17-22(29)13-15-27(21,5)26(23)14-16-28(24,25)6/h7-9,18-20,22-26,29H,10-17H2,1-6H3/b8-7+/t19-,20-,22+,23?,24?,25?,26?,27+,28-/m1/s1	SMILES --> InChI	HARD CODE	application	comp
Turn this SMILES into a InChI format: "O=C(O)CC(=O)C(=O)O".	InChI=1S/C4H4O5/c5-2(4(8)9)1-3(6)7/h1H2,(H,6,7)(H,8,9)	SMILES --> InChI	HARD CODE	application	comp
Turn this SMILES into a InChI format: "CN1Cc2c(ccc3c2OCO3)-c2ccc3cc4c(cc3c21)OCO4".	InChI=1S/C20H15NO4/c1-21-8-15-12(4-5-16-20(15)25-10-22-16)13-3-2-11-6-17-18(24-9-23-17)7-14(11)19(13)21/h2-7H,8-10H2,1H3	SMILES --> InChI	HARD CODE	application	comp
Turn this SMILES into a InChI format: "O=C(O)c1ccccc1".	InChI=1S/C7H6O2/c8-7(9)6-4-2-1-3-5-6/h1-5H,(H,8,9)	SMILES --> InChI	HARD CODE	application	comp
Turn this SMILES into a InChI format: "COc1cc(/C=C/C=O)ccc1O".	InChI=1S/C10H10O3/c1-13-10-7-8(3-2-6-11)4-5-9(10)12/h2-7,12H,1H3/b3-2+	SMILES --> InChI	HARD CODE	application	comp
What is the hybridization of the chiral carbon in SMILES [C@]C(O)CON?	sp3	SMILES hybridization	HARD CHEM	application	chem
What is the hybridization of the 3 oxygens in this SMILES: "CCC(=O)C(=O)O".	sp2, sp2, sp2	SMILES hybridization	HARD CHEM	application	chem
What is the hybridization of the 2 nitrogens in this SMILES: "O=C(N)C[C@H](N)C(=O)O".	sp2, sp3	SMILES hybridization	HARD CHEM	application	chem
What is the hybridization of the sulfur in this SMILES: "CSCC[C@H](N)C(=O)O".	sp3	SMILES hybridization	HARD CHEM	application	chem
What is the hybridization of the nitrogen in this SMILES: "[NH4+]".	sp3	SMILES hybridization	HARD CHEM	application	chem
What is the hybridization of the double bonded oxygen in this InChI: "InChI=1S/C3H7NO2S/c4-2(1-7)3(5)6/h2,7H,1,4H2,(H,5,6)/t2-/m0/s1".	sp2	InChI hybridization	HARD CHEM	application	chem
What is the hybridization of the sulfur in this InChI: "InChI=1S/C3H7NO2S/c4-2(1-7)3(5)6/h2,7H,1,4H2,(H,5,6)/t2-/m0/s1".	sp3	InChI hybridization	HARD CHEM	application	chem
What is the hybridization of the nitrogens in this InChI: "InChI=1S/C10H16N2O3S/c13-8(14)4-2-1-3-7-9-6(5-16-7)11-10(15)12-9/h6-7,9H,1-5H2,(H,13,14)(H2,11,12,15)".	sp2, sp2	InChI hybridization	HARD CHEM	application	chem
What is the hybridization of the phosphorus in this InChI: InChI=1S/C15H22N5O7P/c1-8(2)3-4-16-13-10-14(18-6-17-13)20(7-19-10)15-12(22)11(21)9(27-15)5-26-28(23,24)25/h3,6-7,9,11-12,15,21-22H,4-5H2,1-2H3,(H,16,17,18)(H2,23,24,25)	sp3	InChI hybridization	HARD CHEM	application	chem
What is the hybridization of the oxygens in this InChI: "InChI=1S/C7H16N4O2/c8-5(6(12)13)3-1-2-4-11-7(9)10/h5H,1-4,8H2,(H,12,13)(H4,9,10,11)/t5-/m0/s1"?	sp2, sp2	InChI hybridization	HARD CHEM	application	chem
How many bonds are there in campesterol?	32 bonds	count bonds (chemical)	HARD CHEM	application	chem
How many bonds are there in pyridoxal phosphate?	16 bonds	count bonds (chemical)	HARD CHEM	application	chem
How many bonds are there in cytidine?	18 bonds	count bonds (chemical)	HARD CHEM	application	chem
How many bonds are there in Saccharic acid?	13 bonds	count bonds (chemical)	HARD CHEM	application	chem
How many bonds are there is this InChI: "InChI=1S/C15H26O/c1-11-6-7-13-14(2,3)8-5-9-15(13,4)12(11)10-16/h6,12-13,16H,5,7-10H2,1-4H3"?	17 bonds	count bonds (InChI)	HARD CHEM	application	chem
How many bonds are there in this InChI: "InChI=1S/C30H50O/c1-20(2)9-8-10-21(3)22-13-15-28(7)24-12-11-23-26(4,5)25(31)14-16-29(23)19-30(24,29)18-17-27(22,28)6/h9,21-25,31H,8,10-19H2,1-7H3/t21-,22?,23+,24?,25+,27-,28+,29+,30-/m1/s1"?	35 bonds	count bonds (InChI)	HARD CHEM	application	chem
How many bonds are there in this InChI: InChI=1S/C7H6O7/c8-4(7(13)14)1-3(6(11)12)2-5(9)10/h2H,1H2,(H,9,10)(H,11,12)(H,13,14)	13 bonds	count bonds (InChI)	HARD CHEM	application	chem
How many bonds are there in this InChI: InChI=1S/C9H13N3O4/c10-7-1-2-12(9(15)11-7)8-3-5(14)6(4-13)16-8/h1-2,5-6,8,13-14H,3-4H2,(H2,10,11,15)/t5-,6+,8+/m0/s1	17 bonds	count bonds (InChI)	HARD CHEM	application	chem
How many bonds are there in this SMILES: CC1=CC(=O)c2c(O)cccc2C1=O	15 bonds	count bonds (SMILES)	HARD CHEM	application	chem
How many bonds are there in this SMILES: N[C@@H](CSC[C@H](N)C(=O)O)C(=O)O	12 bonds	count bonds (SMILES)	HARD CHEM	application	chem
How many bonds are there in this SMILES: CC(C)[C@@H](C)CC[C@@H](C)C1CCC2[C@@H]3CC=C4C[C@@H](O)CC[C@]4(C)[C@H]3CC[C@]12C	32 bonds	count bonds (SMILES)	HARD CHEM	application	chem
How many bonds are there in this SMILES: O=C1/C(=C/c2ccc(O[C@@H]3O[C@H](CO)[C@@H](O)[C@H](O)[C@H]3O)cc2)Oc2cc(O)ccc21	33 bonds	count bonds (SMILES)	HARD CHEM	application	chem
Count the atoms in the chemical described by this InChI: "InChI=1S/C8H7NO4S/c10-14(11,12)13-8-5-9-7-4-2-1-3-6(7)8/h1-5,9H,(H,10,11,12)".	8 carbons, 7 hydrogens, 1 nitrogen, 4 oxygen, 1 sulfur	count ALL atoms (InChI)	MED CHEM	context-given	chem
Count the atoms in the chemical described by this InChI: "InChI=1S/C5H11NO3S/c1-10(9)3-2-4(6)5(7)8/h4H,2-3,6H2,1H3,(H,7,8)/t4-,10?/m0/s1".	5 carbons, 11 hydrogens, 1 nitrogen, 3 oxygens, 1 sulfur	count ALL atoms (InChI)	MED CHEM	context-given	chem
Count the atoms in the chemical described by this InChI: "InChI=1S/C39H71O10P/c40-33-29-25-21-17-13-9-5-1-3-7-11-15-19-23-27-31-38(42)47-35-37(36-48-50(44,45)46)49-39(43)32-28-24-20-16-12-8-4-2-6-10-14-18-22-26-30-34-41/h1-4,10,14,37,40-41H,5-9,11-13,15-36H2,(H2,44,45,46)/t37-/m1/s1".	39 carbons, 71 hydrogens, 10 oxygens, 1 phosphorus	count ALL atoms (InChI)	MED CHEM	context-given	chem
How many hydrogens are in this SMILES:  "COc1cc(/C=C/C(O)=NCCc2ccc(O)cc2)ccc1O".	19 hydrogens	count hydrogens (SMILES)	HARD CHEM	application	chem
How many hydrogens are in this SMILES: "OCCc1c[nH]c2ccccc12".	11 hydrogens	count hydrogens (SMILES)	HARD CHEM	application	chem
How many hydrogens are in this SMILES: "C=C1[C@@H]2CC[C@]3(C2)[C@H](C)CC[C@@H]3C1(C)C".	24 hydrogens	count hydrogens (SMILES)	HARD CHEM	application	chem
Count the atoms in the chemical described by this SMILES: "CC(C)=CCC/C(C)=C/CC/C(C)=C/CC/C(C)=C/COP(=O)(O)OP(=O)(O)O".	20 carbons, 36 hydrogens, 7 oxygens, 2 phosphorus	count ALL atoms (SMILES)	HARD CHEM	context-given	chem
Count the atoms in the chemical described by this SMILES: "CC1=C[C@H]2C(=C(C)CC[C@@H]2C(C)C)C(O)C1".	15 carbons, 24 hydrogens, 1 oxygen	count ALL atoms (SMILES)	HARD CHEM	context-given	chem
Count the atoms in the chemical described by this SMILES: "Cn1cnc2c1c(O)nc(=O)n2C".	7 carbons, 8 hydrogens, 4 nitrogens, 2 oxygens	count ALL atoms (SMILES)	HARD CHEM	context-given	chem
How many nitrogens does riboflavine have?	4 nitrogens	count atoms (chemical)	MED CHEM	hard look-up	chem
How many hydrogens does episterone have?	44 hydrogens	count atoms (chemical)	MED CHEM	hard look-up	chem
How many carbons does Prunetin have?	16 carbons	count atoms (chemical)	MED CHEM	hard look-up	chem
Count the atoms that make up sucrose.	12 carbons, 22 hydrogens, 11 oxygens	count ALL atoms (chemical)	MED CHEM	hard look-up	chem
Count the atoms that make up carbamoyl phosphate.	1 carbon, 4 hydrogens, 1 nitrogen, 5 oxygens, 1 phosphorus	count ALL atoms (chemical)	MED CHEM	hard look-up	chem
Count the atoms that make up ubiquinone.	59 carbons, 90 hydrogens, 4 oxygens	count ALL atoms (chemical)	MED CHEM	hard look-up	chem
How many codons does Glycine have?	4 codons	count codons	EASY BIO	look-up	bio
How many stop codons are there?	3 codons	count codons	EASY BIO	look-up	bio
How many codons does Tryptophan have?	1 codon	count codons	EASY BIO	look-up	bio
How many start codons are there?	1 codon	count codons	EASY BIO	look-up	bio
How many glutamine codons are there?	2 codons	count codons	EASY BIO	look-up	bio
Where does cleavage occur on the HindIII restriction site?	5' - A|AGCTT - 3', 3' - TTCGA|A - 5'	restriction site cleavage	MED BIO	hard look-up	bio
Where does cleavage occur on the EcoR1 restriction site?	5' - G|AATTC - 3', 3' - CTTAA|G - 5'	restriction site cleavage	MED BIO	hard look-up	bio
Where does cleavage occur on the PstI restriction site?	5' - CTGCA|G - 3', 3' - G|ACGTC - 5'	restriction site cleavage	MED BIO	hard look-up	bio
Where does cleavage occur on the EcoRV restriction site?	5' - GAT|ATC - 3', 3' - CTA|TAG - 5'	restriction site cleavage	MED BIO	hard look-up	bio
Where does cleavage occur on the Bal I restriction site?	5' - TGG|CCA - 3', 3' - ACC|GGT - 5'	restriction site cleavage	MED BIO	hard look-up	bio
Would the following RNA sequence create a hairpin? And if so where? ACGUGCCACGAUUCAACGUGGCACAG	yes, at "GUGCCACG" and "CGUGGCAC"	hairpin?	HARD BIO	application	bio
Would the following RNA sequence create a hairpin? And if so where? atgccggcggattgggtgaacccgattatgtggcgcatgtggccggaatgggataccagccatagcctgaacgacgtgccacgattcaacgtggcacaggcacctggtgcctggtggtgctgcatggcatggcggcgtgcattcaggatggctgggcggaaggcgtgcatccgggcattcatcatagcggccaggtgcagaccgatcagccgttttatcaggatgcgatttggagcatgaccattatgaccaacattccggaacagctgagcaactgccagagctattttgtgcgcccgtgctgcacccgcaaccagccgatgtataaatattttattcatcgcagcggctttccggtgccgggctttcagctgtggccgtgccagctggaaggctttctggtgcgcatgatgctggatgatcatgtggataaaaaatgccattgggaacagcagtgcacccagccgagcaacaaaaaaagcgcgtattatatttttaccattattgaaatgaccatgtgggtaa	yes, at "GUGCCACG" and "CGUGGCAC"	hairpin?	HARD BIO	application	bio
Would the following RNA sequence create a hairpin? And if so where? atgccggcggattgggtgaacccgattatgtggcgcatgtggccggaatgggataccagccatagcctgaacggcacctggtgcctggtggtgctgcatggcatggcggcgtgcattcaggatggctgggcggaaggcgtgcatccgggcattcatcatagcggccaggtgcagaccgatcagccgttttatcaggatgcgatttggagcatgaccattatgaccaacattccggaacagctgagcaactgccagagctattttgtgcgcccgtgctgcacccgcaaccagccgatgtataaatattttattcatcgcagcggctttccggtgccgggctttcagctgtggccgtgccagctggaaggctttctggtgcgcatgatgctggatgatcatgtggataaaaaatgccattgggaacagcagtgcacccagccgagcaacaaaaaaagcgcgtattatatttttaccattattgaaatgaccatgtgggtaa	no	hairpin?	HARD BIO	application	bio
Where is the Shine-Delgarno sequence located?	-12 to -8 from start codon	DNA construct	MED BIO	hard look-up	bio
How many base pairs is the promoter located away from the start codon?	-35 from start codon	DNA construct	MED BIO	hard look-up	bio
Where does sigma70 bind to the DNA?	binds to sequence between -10 and -35 from start codon	DNA construct	MED BIO	hard look-up	bio
What part of the ribosome forms watson crick base pairs with shine delgarno sequence?	16S ribosomal RNA (rRNA)	DNA construct	MED BIO	hard look-up	bio
What is a recommended GC content in primers?	40-60%	DNA construct	MED BIO	look-up	bio
What are BioBrick, Gateway, Gibson, and Golden Gate examples of?	DNA assembly	DNA construct	EASY BIO	look-up	bio
How many amino acids are there in the human body?	20 amino acids	OTHER - count AAs (total)	EASY BIO	look-up	bio
In the following example, is A Pareto dominate over B? [A1>B1, A2=B2, A3=B3, A4=B4]	yes	OTHER - Pareto dominance	EASY CODE	application (easy)	comp
In the following example, is A Pareto dominate over B? [A1>B1, A2<B2, A3=B3, A4=B4]	no	OTHER - Pareto dominance	EASY CODE	application (easy)	comp
SMILES vs SMARTS vs SMIRKS?	SMILES represent individual molecules, SMARTS represent substructures of molecules, SMIRKS represent reactions of SMARTS	OTHER - SMILES, SMARTS, SMIRKS	EASY CODE	look-up	comp